{"cameraMode":{"drawMode":0,"name":"Shaded","section":"Shading Mode"},"sceneLighting":false,"audioPlay":false,"sceneViewState":{"m_AlwaysRefresh":false,"showFog":true,"showSkybox":false,"showFlares":true,"showImageEffects":true,"showParticleSystems":true,"showVisualEffectGraphs":true,"m_FxEnabled":true},"in2DMode":false,"pivot":{"x":247.55398559570313,"y":142.92001342773438,"z":-7.319999694824219},"rotation":{"x":-0.007600234355777502,"y":0.9782186150550842,"z":-0.20421850681304933,"w":-0.03640560060739517},"size":0.6438222527503967,"orthographic":false}