{"cameraMode":{"drawMode":0,"name":"Shaded","section":"Shading Mode"},"sceneLighting":false,"audioPlay":false,"sceneViewState":{"m_AlwaysRefresh":false,"showFog":true,"showSkybox":false,"showFlares":true,"showImageEffects":true,"showParticleSystems":true,"showVisualEffectGraphs":true,"m_FxEnabled":true},"in2DMode":false,"pivot":{"x":0.054000020027160647,"y":1.0562000274658204,"z":4.519999980926514},"rotation":{"x":-0.007600234355777502,"y":0.9782186150550842,"z":-0.20421850681304933,"w":-0.03640560060739517},"size":1.2971011400222779,"orthographic":false}